customer_id,first_name,last_name,email,default_credit_card_num,credit_card_type,addressLine,city,province,country,postal_code,phone_number
1,Kevin,Marsh,kevin.marsh@hotmail.com,4123972835129598,VS,2827 Christy Plain,Port Sarahport,MI,Canada,O2V8H2,176.475.3184
2,Felicia,Lawrence,felicia.lawrence@yahoo.com,4173929578671813,VS,52373 Williams Circle Suite 918,Lake Dianahaven,OK,Canada,L0N7M2,482.215.6537
3,Jacqueline,Boyd,jacqueline.boyd@yahoo.com,4452734666617070,VS,8796 Jimenez Turnpike,Kelliton,AZ,Canada,H8Y1J4,594.400.5337
4,Jacob,Davis,jacob.davis@gmail.com,345080046358061,AX,503 Stephen Ferry,Lake Luke,IL,Canada,A9M3J8,945.136.8586
5,Tyler,Duncan,tyler.duncan@hotmail.com,4063140352635601,VS,93946 Harris Wells,Roberttown,MT,Canada,P0L0T7,436.405.6798
6,Nicholas,Kirby,nicholas.kirby@gmail.com,347490607231110,AX,1285 Sherry Glens,Mitchellport,OK,Canada,A5X2M5,109.203.8058
7,Jose,Juarez,jose.juarez@gmail.com,2293187328077117,MC,62113 Gilbert Mill,South Carla,TN,Canada,G1Q8E6,226.599.1113
8,Sarah,Wang,sarah.wang@yahoo.com,343509025425733,AX,6248 Jeffrey Road,West Diane,AK,Canada,Y4H7M5,406.473.8017
9,Monica,Jones,monica.jones@yahoo.com,349848228501161,AX,255 Douglas Cove,North Patrick,AR,Canada,R4D7V7,265.243.6795
10,Lisa,Mack,lisa.mack@yahoo.com,4309810796496737,VS,457 Calhoun Drives Suite 853,West Dana,MS,Canada,N0L3D3,391.141.3190
11,Yvette,Macias,yvette.macias@yahoo.com,2280642076836259,MC,6677 Farley Mountain,Matthewfurt,VA,Canada,N5B2V3,590.781.5354
12,Alyssa,Sanchez,alyssa.sanchez@hotmail.com,349395786543623,AX,87496 James Junction Apt. 686,South Andrew,MS,Canada,N7R7Z2,432.869.7551
13,Ashley,Jackson,ashley.jackson@gmail.com,4693265732759983,VS,111 Alan Wall,West Melissamouth,MI,Canada,X6E1D0,229.259.6638
14,James,Hernandez,james.hernandez@gmail.com,4415959775244187,VS,26189 Moore Plaza,Gravesview,IA,Canada,A3B5N9,855.108.8116
15,Theresa,Beck,theresa.beck@gmail.com,5571026767209573,MC,0795 Huerta Land,East Dennisport,MO,Canada,J4P1Y6,353.732.3498
16,Sabrina,Rodriguez,sabrina.rodriguez@yahoo.com,4541597099625439,VS,075 Brett Garden Suite 476,Billymouth,CO,Canada,Q2H4Y1,984.369.5052
17,Mason,Johnson,mason.johnson@hotmail.com,4904637660465582,VS,5254 Tracy Grove Apt. 715,North Lisaville,CA,Canada,N3P1W8,725.285.4091
18,Gregory,Brown,gregory.brown@hotmail.com,4110059129751918,VS,231 Christopher Course,South Latashabury,AR,Canada,U2H1E6,139.380.4148
19,Jennifer,Hughes,jennifer.hughes@gmail.com,347379274907286,AX,23428 Holly Squares,East Jacobmouth,IN,Canada,N0T3C0,489.517.9601
20,Francisco,Reid,francisco.reid@gmail.com,2714968436453808,MC,2101 Cooper Street Apt. 961,Smithland,OR,Canada,W3H5N7,162.622.7997
21,Kelsey,Rocha,kelsey.rocha@outlook.com,4945757574758335,VS,56775 Ford Mountain,Hernandezfurt,AK,Canada,B4D4L4,459.828.7849
22,Morgan,Kramer,morgan.kramer@hotmail.com,372650622923102,AX,2453 Tyler Estate Suite 843,South Catherine,NE,Canada,K0F0A0,776.862.6269
23,Ryan,York,ryan.york@gmail.com,370511579423870,AX,7042 Mccoy Spur,Carrberg,LA,Canada,J7I9D6,289.358.9049
24,Matthew,Brooks,matthew.brooks@yahoo.com,5559710756335350,MC,8595 Rachel Islands Apt. 993,South Anna,AK,Canada,K4D1V0,799.665.3134
25,Lawrence,Gilmore,lawrence.gilmore@hotmail.com,2292951877941762,MC,2507 Jeffrey Alley,Michaelfort,FL,Canada,L5X9Q9,480.343.5521
26,Kristen,Frye,kristen.frye@gmail.com,375983399140387,AX,66044 Douglas Burg Apt. 615,Parsonsberg,SC,Canada,S6C1E9,223.142.4120
27,Patrick,Moore,patrick.moore@yahoo.com,375147439742921,AX,10587 Thomas Village Suite 806,Randallmouth,WV,Canada,W7D1R9,451.408.8769
28,Austin,Campbell,austin.campbell@hotmail.com,348027112218239,AX,5516 Potter Park,Gardnerhaven,SD,Canada,R2B2G6,663.828.5137
29,Kristine,Neal,kristine.neal@yahoo.com,4372143308003706,VS,32285 Hughes Roads,Smithport,AK,Canada,L5O1N1,594.529.9581
30,Elizabeth,Terry,elizabeth.terry@gmail.com,4039033970519581,VS,3280 Baker Landing,Mooreborough,PA,Canada,Z0F9I2,396.146.1996
31,Jonathan,Gonzalez,jonathan.gonzalez@gmail.com,4614707986321065,VS,339 Whitaker Spring,New Lisa,NH,Canada,G6P8Q1,269.548.9344
32,Brian,Sims,brian.sims@hotmail.com,2714380403253767,MC,6927 Hoffman Heights Apt. 191,Port Anthonyton,AL,Canada,R6M9I3,288.103.3621
33,Stacey,Conrad,stacey.conrad@outlook.com,4769210533651467,VS,0142 Bryant Union,North Samantha,TX,Canada,G9W0Z8,566.615.9602
34,Laura,Beard,laura.beard@yahoo.com,2520113798440978,MC,231 Gregory Burgs,South Ryanmouth,HI,Canada,J3J4R1,275.329.1747
35,Teresa,Ray,teresa.ray@yahoo.com,4144734043370090,VS,730 Cox Rapid Suite 778,West Donna,VA,Canada,H4B2I2,376.994.1844
36,Andrea,Thomas,andrea.thomas@outlook.com,4629657542786561,VS,425 Brewer Mission,North Matthew,SC,Canada,H3R1A5,747.719.7047
37,Dustin,Peterson,dustin.peterson@hotmail.com,2223361618808193,MC,8235 Wilson Street,Amyfurt,TN,Canada,C8I2N9,401.432.1938
38,Lori,Robinson,lori.robinson@outlook.com,4613723081721431,VS,3813 Allen Hill Apt. 321,West Shaunville,MI,Canada,A5H4F4,116.650.2743
39,Dorothy,Smith,dorothy.smith@yahoo.com,4565346997990706,VS,5047 Mullins Trail Apt. 699,Stacyfort,MS,Canada,X6U4U9,664.311.8244
40,Benjamin,Freeman,benjamin.freeman@yahoo.com,347481131765392,AX,54873 Davis Spur Apt. 908,Jonesburgh,KY,Canada,K4G9U6,259.556.4796
41,Heidi,Price,heidi.price@outlook.com,4491872742049562,VS,213 Tucker Avenue,Parsonsburgh,MS,Canada,X6L2P1,607.285.8526
42,Bradley,White,bradley.white@yahoo.com,379737112229901,AX,5608 Reid Coves Suite 704,Grantchester,CA,Canada,F3S7X2,763.388.1344
43,Christopher,Rich,christopher.rich@yahoo.com,2287683210219237,MC,858 Woods Turnpike Apt. 961,East Jamesport,WA,Canada,F2M9G1,246.173.7986
44,Jacqueline,Smith,jacqueline.smith@gmail.com,348018498042533,AX,37773 Gerald Plaza Apt. 228,Port Kathleen,NY,Canada,O6D8E0,717.202.7191
45,Veronica,Jones,veronica.jones@outlook.com,2224653460605605,MC,567 Kaitlyn Crossroad,Mendezhaven,MT,Canada,A1A0E3,888.185.5385
46,Debbie,Campos,debbie.campos@yahoo.com,343984716906186,AX,205 Long Mountain,Kevinside,MD,Canada,U9A0Z1,655.853.6544
47,Samantha,Wyatt,samantha.wyatt@gmail.com,4876989992751757,VS,4449 Lawrence Islands,New James,ID,Canada,C3E7Y9,554.935.3672
48,Margaret,Holmes,margaret.holmes@yahoo.com,2344963924358856,MC,9821 Little Ford,Isaacfort,IA,Canada,K7E3B8,808.373.9906
49,Peter,Love,peter.love@yahoo.com,378524914168607,AX,47789 Dixon Manor,West Brent,SC,Canada,A0D8J1,623.956.7804
50,Tina,Larson,tina.larson@gmail.com,376651221500149,AX,842 Sara Spur,Harrisshire,AL,Canada,A3A3N6,250.461.5699
51,Daniel,Davila,daniel.davila@hotmail.com,374633399948534,AX,89532 Harris Ridges,East Christopherview,NM,Canada,V6V1P2,212.329.2666
52,David,Sanchez,david.sanchez@gmail.com,2333792234103469,MC,3311 Marquez Mills Apt. 696,New Kathyborough,TX,Canada,L1T5D5,186.144.3475
53,Travis,Clarke,travis.clarke@hotmail.com,375078967935217,AX,63355 Hill Stravenue Suite 369,Yushire,SD,Canada,N8K9F6,253.783.5940
54,Heidi,Chavez,heidi.chavez@yahoo.com,4695560767616456,VS,5472 Jeffrey Prairie,Port Barry,MN,Canada,J5D4P5,371.930.2251
55,Brandon,Perez,brandon.perez@outlook.com,341980418472420,AX,2364 Abigail Fort Apt. 909,West Amy,GA,Canada,E2K2M7,838.915.8838
56,Joel,Morton,joel.morton@hotmail.com,349111428178524,AX,230 Foley Trafficway,Williamtown,NY,Canada,D9N4E1,430.230.3979
57,Patricia,Long,patricia.long@yahoo.com,2221722395947375,MC,132 Carlos Lane,North Justin,NM,Canada,L5P6P6,716.912.6463
58,Erica,Foster,erica.foster@gmail.com,378785996486288,AX,03195 Wilson Loop Suite 645,West Tonytown,NE,Canada,Z3M6R7,651.646.9070
59,Kimberly,Christensen,kimberly.christensen@yahoo.com,4924632037476772,VS,72603 Penny Courts Suite 505,Blankenshipchester,PA,Canada,R3M1S6,639.691.4593
60,Kelly,Nicholson,kelly.nicholson@yahoo.com,4071553482012840,VS,83850 Powell Union,Reedmouth,MN,Canada,C3L0G0,471.671.8764
61,Brent,Black,brent.black@gmail.com,347768089812659,AX,422 Christopher Lights Suite 630,West Alexanderberg,MT,Canada,D0L5Y2,401.571.3361
62,Ashley,Butler,ashley.butler@outlook.com,4689430120471379,VS,711 Cain Junctions,Melissaview,OH,Canada,N3G3B2,220.812.3344
63,Amy,Valenzuela,amy.valenzuela@outlook.com,2275829849330671,MC,8476 Stephanie Hills Suite 128,Port Kristen,IA,Canada,X0W6L0,818.208.2208
64,Steven,Hernandez,steven.hernandez@gmail.com,5488566695413294,MC,150 Sullivan Meadows Apt. 670,Sharonville,IA,Canada,T2A2L2,180.350.2262
65,Tommy,Cuevas,tommy.cuevas@gmail.com,379366343925291,AX,611 Christopher Street Apt. 286,Mosleyberg,AL,Canada,S6E2P2,866.640.5907
66,Thomas,Johnson,thomas.johnson@outlook.com,2265591024510913,MC,032 Holloway Overpass,West Brittneyhaven,RI,Canada,N5O0J1,259.161.1526
67,Justin,Brown,justin.brown@yahoo.com,4281793406527756,VS,6634 Clark Mountain Apt. 201,New Nancyberg,NV,Canada,Y2Q2A6,952.533.8443
68,David,Sharp,david.sharp@hotmail.com,4559376618943709,VS,63510 Maureen Unions Suite 627,Barrettfurt,VT,Canada,W4S8J3,533.260.5453
69,Michelle,Cole,michelle.cole@yahoo.com,376592024617526,AX,38974 Jennifer Mall,Port Albertstad,MA,Canada,Q6E3M9,157.324.7427
70,Lauren,Watson,lauren.watson@outlook.com,341783325848686,AX,0798 Ryan Throughway,Williamsmouth,MT,Canada,X8T1W7,588.420.7637
71,Bridget,Hanna,bridget.hanna@yahoo.com,5376799359374404,MC,946 Smith Forks,East Stephaniemouth,MO,Canada,F0Z5U6,299.376.2776
72,Aaron,Williams,aaron.williams@gmail.com,344886084907937,AX,36852 Alexis Meadow Apt. 537,North Davidview,TN,Canada,C5T5A3,388.266.9873
73,Kelly,Scott,kelly.scott@hotmail.com,346325144881129,AX,31421 Morgan Parkway,Dixonfort,RI,Canada,C3T0Y4,292.664.4305
74,Joshua,Miller,joshua.miller@gmail.com,4526384091122528,VS,5056 Garcia Passage,Lewisborough,SC,Canada,B3I1S9,145.677.8926
75,Timothy,Willis,timothy.willis@gmail.com,343787655300737,AX,505 Perry Villages,West Michelleland,CT,Canada,B5C4A5,869.389.7523
76,Brooke,Hoffman,brooke.hoffman@hotmail.com,4927788519053484,VS,0104 Heather Via Suite 245,Zavalahaven,CA,Canada,G5Y6X5,232.819.2595
77,Tyrone,Rodgers,tyrone.rodgers@outlook.com,2300452128991516,MC,5512 Brandi Common,North Joshua,WV,Canada,N8D8Z2,124.701.7260
78,Andrea,Weaver,andrea.weaver@gmail.com,5389848416046151,MC,021 Stacy Radial Apt. 170,Pachecofurt,CT,Canada,S0J2E7,180.740.2528
79,Joseph,Garza,joseph.garza@yahoo.com,4152291073228366,VS,849 Travis Freeway,South Jasonfurt,NC,Canada,H3Z2Y2,613.628.9573
80,Kelly,Taylor,kelly.taylor@hotmail.com,2716944391649704,MC,9342 Lisa Prairie,Lake Johnton,IA,Canada,O2K4L9,976.541.1655
81,Julie,Simon,julie.simon@hotmail.com,4234190310615371,VS,15566 Ramos Flats,East Paul,TN,Canada,Y6H3T9,176.256.9151
82,Michele,Bates,michele.bates@hotmail.com,377460406720079,AX,61424 Thompson Trafficway Apt. 781,Baileybury,ID,Canada,Z0E4R1,610.196.8451
83,Haley,Hill,haley.hill@gmail.com,2564273720376380,MC,45841 Atkins Path,Julietown,OK,Canada,F4F1I9,472.461.2461
84,Susan,Rodriguez,susan.rodriguez@yahoo.com,374389982780202,AX,869 Smith Fields Apt. 146,Heatherview,ID,Canada,F7I7I7,765.243.3031
85,Courtney,Santiago,courtney.santiago@yahoo.com,4167933505573850,VS,68011 Jesse Way Apt. 376,North Erinside,VT,Canada,P0L4M6,977.734.3113
86,Derek,Rojas,derek.rojas@yahoo.com,2235104096149730,MC,3911 Moody Plain,North Thomas,ND,Canada,L8T5L1,798.523.9289
87,Gary,Todd,gary.todd@hotmail.com,5173651189394067,MC,7820 Tina Ports Apt. 432,East Joan,HI,Canada,I0T0X3,816.940.1130
88,James,Clark,james.clark@gmail.com,344707392013541,AX,12760 Nicholas Place Apt. 611,East Charles,CT,Canada,D4M2S6,974.174.4654
89,Ryan,Lyons,ryan.lyons@outlook.com,2225888995729897,MC,6297 Stewart Rest,Lake Lauren,AK,Canada,O1L7O8,937.576.2787
90,James,Phillips,james.phillips@yahoo.com,371912038187693,AX,82832 Rebecca Pass,East Amberland,NC,Canada,F1M6G6,436.166.6198
91,Amanda,Green,amanda.green@hotmail.com,2278220673231820,MC,68157 Erin Vista Suite 000,Port Elizabethtown,VA,Canada,T7G7D4,565.139.9930
92,Anthony,Morris,anthony.morris@yahoo.com,341371785090252,AX,1844 Moore Plains Apt. 998,Mitchellhaven,WI,Canada,P2U3K9,132.715.7230
93,Chase,Thompson,chase.thompson@outlook.com,378905670867005,AX,43655 Michael Path,Alyssafurt,OK,Canada,Z5Z6P3,155.316.1375
94,David,Gutierrez,david.gutierrez@gmail.com,4835505429608079,VS,3369 Montgomery Turnpike,Port Claudiahaven,DC,Canada,N4I2C2,170.380.7636
95,Caleb,Adams,caleb.adams@gmail.com,341648188044287,AX,3836 Allison Circles Suite 432,East Heatherport,GA,Canada,J7N8G4,288.950.1880
96,Aimee,Brewer,aimee.brewer@outlook.com,376420362586311,AX,1706 Dougherty Roads Suite 255,Michelleton,MO,Canada,N5Y4F3,457.529.8890
97,Kristina,Griffith,kristina.griffith@hotmail.com,2285824301764648,MC,988 Kelsey Street Apt. 538,Port Toni,VA,Canada,R2W6L9,498.942.1162
98,Teresa,Owens,teresa.owens@gmail.com,4504043333538497,VS,163 Linda Course Apt. 978,Griffithville,AR,Canada,Z9G1X9,731.248.6304
99,Catherine,Gonzalez,catherine.gonzalez@yahoo.com,4373265306011982,VS,6178 Maxwell Stravenue Apt. 023,Port Anthonyville,WI,Canada,X5A2O2,611.985.6184
100,Robert,Dunn,robert.dunn@outlook.com,343657744916092,AX,5952 Charles Rapids,Port Davidhaven,WI,Canada,Z6I8X0,561.952.3059
101,Bailey,Rodriguez,bailey.rodriguez@yahoo.com,4336875092632233,VS,37455 Jones Glens,Lake Julieport,NC,Canada,O9D0G3,530.813.9947
102,Amanda,Shepard,amanda.shepard@hotmail.com,345053766608114,AX,0030 Michael Locks,Port Monicatown,FL,Canada,T6G5G3,795.690.1235
103,Gail,Jones,gail.jones@outlook.com,2231234550688263,MC,7682 Tracey Village,Kellyton,IA,Canada,L0J4Q1,816.611.8471
104,Kevin,Spencer,kevin.spencer@outlook.com,2673543788260330,MC,101 Hayes Square Apt. 908,Victoriashire,CA,Canada,N5L8N8,883.443.2857
105,Linda,Mitchell,linda.mitchell@outlook.com,340749269996998,AX,489 Davis Pike Suite 285,Walshshire,FL,Canada,O6L2R9,266.655.8141
106,Mark,Garcia,mark.garcia@yahoo.com,5184993231234264,MC,806 Veronica Mountains Apt. 617,Comptontown,NV,Canada,J6U4W9,977.201.2435
107,Gordon,Lewis,gordon.lewis@hotmail.com,348935953828041,AX,6129 Peterson Plaza,South Brittany,ND,Canada,C0T6D7,867.869.9924
108,Erica,Hamilton,erica.hamilton@gmail.com,371869656130878,AX,23859 Hooper Terrace Apt. 434,Weaverbury,WY,Canada,U7Q9Z0,783.396.7891
109,Kendra,Atkinson,kendra.atkinson@yahoo.com,370027300869661,AX,16831 Elizabeth Via,Madisontown,CA,Canada,H7R6D3,976.580.3038
110,Nicholas,Brown,nicholas.brown@gmail.com,2251491507628397,MC,620 Walker Harbors Suite 077,Georgefurt,AR,Canada,Z7N6A5,900.329.9315
111,Jennifer,Cole,jennifer.cole@hotmail.com,5566292508177605,MC,914 Ray Pine,Carlosborough,ID,Canada,I4J6V3,104.524.1535
112,Shawn,Davis,shawn.davis@hotmail.com,345523561781704,AX,11920 Rodriguez Terrace,Younghaven,MD,Canada,A2Z5Q9,425.443.3792
113,David,Simpson,david.simpson@hotmail.com,4613371844490298,VS,26480 Ryan Haven Apt. 373,Marilynfurt,ND,Canada,N3R6G9,759.502.1845
114,Daniel,Thomas,daniel.thomas@outlook.com,4782210217982132,VS,629 Navarro Overpass Suite 363,North Melanie,ND,Canada,N2U6X2,512.425.9475
115,Erin,Flores,erin.flores@gmail.com,345397079866178,AX,067 Rachel Path Apt. 050,Fernandezland,GA,Canada,N3D2Q1,746.690.7422
116,Henry,Soto,henry.soto@hotmail.com,4216505871469219,VS,92596 Fischer Canyon,Joeside,WY,Canada,I8F5G1,195.126.8166
117,Amy,Smith,amy.smith@hotmail.com,342050938694843,AX,9598 Deborah Haven,Shannonside,NH,Canada,U9E0T8,180.685.7265
118,Sydney,Potter,sydney.potter@hotmail.com,347152386767389,AX,97461 Jennifer Shore,Simpsonside,MS,Canada,X2O5F3,768.327.5864
119,Amber,Vincent,amber.vincent@yahoo.com,378722589370850,AX,2350 Ware Shore,Karlafurt,VA,Canada,R3X6Y4,775.152.5505
120,Christine,Jennings,christine.jennings@gmail.com,340124825544288,AX,9632 Serrano Ridge Suite 232,Kristinebury,ID,Canada,E0U9D1,570.710.3010
121,Amy,Valenzuela,amy.valenzuela@hotmail.com,345624152857257,AX,92693 Matthew Rest Suite 138,New Jenniferstad,AK,Canada,E4I2C1,606.964.6921
122,Stephanie,Burns,stephanie.burns@yahoo.com,376850957443033,AX,918 Sara Creek Suite 972,East Adriennemouth,IA,Canada,M1P0N1,598.740.2250
123,Joseph,Johnson,joseph.johnson@outlook.com,373641547155317,AX,259 Lisa Mountains,East Laurenmouth,MD,Canada,V6M5U7,927.264.3945
124,Brandon,Moyer,brandon.moyer@gmail.com,2252141052769810,MC,092 Smith Lake Apt. 388,Richardberg,OH,Canada,A2V9U9,975.132.2920
125,Lisa,Pacheco,lisa.pacheco@outlook.com,2360598678744221,MC,585 Weaver Junction Suite 559,Gregoryberg,RI,Canada,L7T9R0,262.634.5169
126,Renee,Ponce,renee.ponce@outlook.com,375020002453939,AX,21551 Adam Junctions,Johnsonborough,SC,Canada,G9A8A8,624.879.3496
127,Ronald,Rojas,ronald.rojas@hotmail.com,344448896699721,AX,367 Ball Highway Suite 202,Meghanburgh,MN,Canada,L1G0K2,325.185.3073
128,Keith,Herring,keith.herring@yahoo.com,5383281231239205,MC,106 Nicole Pike Apt. 647,East Jennifer,MI,Canada,I7G1L8,767.401.8652
129,Andrew,Martin,andrew.martin@gmail.com,4681722577545848,VS,62905 Christine Pass Suite 683,South Brianburgh,NV,Canada,Z7N8M3,356.277.4242
130,Susan,Brewer,susan.brewer@gmail.com,4173373992052229,VS,621 Lloyd Shoals,Lake Kevinside,FL,Canada,W4M1S9,419.269.4372
131,Joel,Jackson,joel.jackson@gmail.com,4398358446177739,VS,4309 Green Glen,Carrville,NV,Canada,P6O6T4,935.426.2762
132,Cassandra,Charles,cassandra.charles@gmail.com,4029271205397876,VS,75298 David Burgs,East Laurafurt,WY,Canada,M6G9L5,747.939.2052
133,Jessica,Brown,jessica.brown@yahoo.com,2232004879788899,MC,3585 Joel Place Suite 003,West Tiffanybury,SD,Canada,F0Q4S6,400.718.9691
134,Christopher,Armstrong,christopher.armstrong@outlook.com,2715171523910298,MC,950 Kevin Neck,Desireehaven,AR,Canada,M0D2Z5,539.909.4046
135,Cheryl,Gonzalez,cheryl.gonzalez@hotmail.com,5196713971912606,MC,213 David Spur,Ortizberg,DE,Canada,H1G5L2,898.421.3003
136,Catherine,Reese,catherine.reese@yahoo.com,341166122019075,AX,587 James Road,North Kelly,NE,Canada,K0W5G7,681.914.6268
137,Omar,Clark,omar.clark@hotmail.com,342748124211401,AX,825 Barbara Islands Apt. 294,Andersonshire,UT,Canada,R1M4T3,639.322.2686
138,Melanie,Vang,melanie.vang@gmail.com,4610399529701377,VS,43658 Fernandez Loaf,Kathrynberg,AK,Canada,I9Z1S6,798.874.8130
139,Jordan,Jones,jordan.jones@yahoo.com,5502706159273873,MC,29907 Ryan Wall Apt. 632,Port Juan,CT,Canada,K3G0Z7,610.147.5496
140,Matthew,Green,matthew.green@outlook.com,2221340301095674,MC,6491 Ramos Springs Suite 546,East John,CT,Canada,D1O2T5,705.492.4873
141,Derrick,Patrick,derrick.patrick@outlook.com,4601080181030682,VS,76417 Rodney Canyon,New Connorstad,CT,Canada,A4A9A7,391.234.7599
142,Eddie,Johnson,eddie.johnson@outlook.com,345071380671300,AX,351 Lisa Heights Suite 847,Jamesfurt,DE,Canada,R8B5U0,171.581.2558
143,Jane,Johnson,jane.johnson@hotmail.com,2716258857669472,MC,18053 Catherine Estate,Weekschester,MO,Canada,X4I5Y5,509.181.6131
144,Samuel,Hernandez,samuel.hernandez@yahoo.com,2289183270004668,MC,45901 Brent Radial Suite 714,North Kaitlynview,IA,Canada,T0M4W7,605.969.2989
145,Amy,David,amy.david@outlook.com,5394905315204993,MC,497 Logan Pines,Fowlerland,NH,Canada,T1A3B0,242.207.6289
146,Brittany,Jennings,brittany.jennings@outlook.com,4698416612374071,VS,433 Kathleen Mews Apt. 389,Brandiville,NV,Canada,X6H2C3,841.931.7043
147,Lindsay,Jones,lindsay.jones@hotmail.com,4262037087821168,VS,04181 Mike Squares,Lesterville,NV,Canada,A0I0D0,411.176.5320
148,Sydney,Simon,sydney.simon@hotmail.com,2708948018644824,MC,75883 Compton Landing,Randolphside,AR,Canada,W9Z6I2,241.697.8548
149,Lisa,Green,lisa.green@gmail.com,346757123691493,AX,12879 Moody Rapid Suite 882,Barberfurt,TN,Canada,E5E9N7,784.225.9548
150,Sarah,Woods,sarah.woods@gmail.com,4409531419615607,VS,327 Craig Valley Apt. 565,Port Sarahshire,TN,Canada,H9P7I5,891.848.8908
151,Elizabeth,Sanders,elizabeth.sanders@gmail.com,370964966834961,AX,7842 Scott Drives,Curtisberg,MI,Canada,C4Y4W1,461.671.4971
152,Bethany,Sanchez,bethany.sanchez@yahoo.com,4488208934868839,VS,2467 Vicki Terrace,Guzmanland,AK,Canada,U3W1C7,161.317.1215
153,Cindy,Brown,cindy.brown@outlook.com,4131935923613377,VS,52304 Hawkins Court Suite 502,Rebeccaview,ME,Canada,G7M3P1,448.313.9644
154,Tyler,Baker,tyler.baker@outlook.com,4650344096617714,VS,498 Amy Stream,Port Richardside,CT,Canada,K4W7U2,968.616.2731
155,Joseph,Ramos,joseph.ramos@hotmail.com,378135926648690,AX,969 Collins Parkways,Bradleyland,MA,Canada,H5M7T8,307.898.7556
156,Brianna,Werner,brianna.werner@yahoo.com,341192920753608,AX,17160 Marissa Plain Suite 365,South Theresa,DC,Canada,C4N2V4,990.691.2672
157,Craig,Riley,craig.riley@outlook.com,375906700099422,AX,942 Kelly Lane Suite 489,Reynoldschester,MD,Canada,O1X1H0,571.291.5370
158,Kristina,Baker,kristina.baker@gmail.com,344565775809749,AX,38906 John Tunnel Suite 466,Port Cynthia,MT,Canada,P8O5I1,663.186.6806
159,Matthew,Roberts,matthew.roberts@outlook.com,5465995300622121,MC,2767 Collins Dale,Christinafurt,CT,Canada,G2M8N8,441.154.8230
160,Christian,Campbell,christian.campbell@yahoo.com,5415848860080175,MC,7823 Gerald Ranch Suite 704,Taylorchester,KS,Canada,L1B6X6,298.401.4103
161,Melissa,Little,melissa.little@gmail.com,2312120384375361,MC,968 Steven Keys Apt. 548,West David,OH,Canada,F9I8T7,631.543.2788
162,Heather,Hall,heather.hall@yahoo.com,4454006445475239,VS,23274 Fleming River,South Samuelfurt,IL,Canada,B3D3D0,136.689.5361
163,John,Carter,john.carter@hotmail.com,347203886217506,AX,96304 Espinoza Fields,South Chelseabury,VA,Canada,C8D4H9,816.833.7628
164,Amy,Gallegos,amy.gallegos@gmail.com,2259353400181670,MC,481 Reed Extensions Suite 445,Joseton,ND,Canada,M1H4P3,275.904.4335
165,Jason,Nichols,jason.nichols@yahoo.com,2281799378105392,MC,87884 Lara Port,Mcneilhaven,WI,Canada,U4W9J0,196.289.9245
166,Eric,Tanner,eric.tanner@gmail.com,4457927147246304,VS,986 Thompson Curve,Port Angela,OR,Canada,T7X4W3,274.422.2137
167,Shannon,Boyd,shannon.boyd@gmail.com,349121870629320,AX,983 Dustin Cape,North Jacobburgh,AL,Canada,F5O2A7,538.442.1341
168,Allen,Holt,allen.holt@hotmail.com,377661008987616,AX,143 Reyes Course,Bryanbury,OH,Canada,I1F0T5,585.697.1016
169,Keith,Flores,keith.flores@gmail.com,2241980746823549,MC,510 James Trail Apt. 762,West Lisaview,WA,Canada,H7D0A9,796.397.4740
170,Brianna,Kim,brianna.kim@gmail.com,4500666641106542,VS,134 Lindsey Plains,Craigshire,WI,Canada,Q2Y2Y1,202.411.6499
171,Christine,Williams,christine.williams@gmail.com,2720058366834821,MC,999 Moore Rest Suite 083,Granthaven,SC,Canada,P5R4V7,359.473.8516
172,Ariel,Kennedy,ariel.kennedy@hotmail.com,379150596257192,AX,0932 Sherry Curve Suite 578,South Alexis,OH,Canada,L4W5Q9,595.215.5422
173,Melissa,Juarez,melissa.juarez@gmail.com,4217558517774129,VS,6921 Amber Union Apt. 419,Casechester,HI,Canada,Q0E6H2,465.609.1506
174,Francisco,Morrison,francisco.morrison@outlook.com,375891704542181,AX,457 Luis Tunnel Apt. 092,Port Molly,AL,Canada,S6L3X1,298.486.2768
175,Jennifer,Smith,jennifer.smith@yahoo.com,5216356407232474,MC,289 Clay Turnpike,Adamland,NC,Canada,U8O8F4,795.457.6426
176,Denise,Gaines,denise.gaines@gmail.com,2622473126168502,MC,05801 Autumn Alley Apt. 711,Jacobland,AZ,Canada,S6I4G0,693.632.6624
177,Julia,Perez,julia.perez@gmail.com,4092300716950071,VS,189 Hoffman Islands Suite 329,Gutierrezside,IL,Canada,D6Z7S5,395.212.1136
178,Michelle,Jenkins,michelle.jenkins@hotmail.com,5594471619827342,MC,10450 Michael Points,Walkerburgh,NH,Canada,V2O2Q4,738.671.3664
179,Patricia,Lewis,patricia.lewis@outlook.com,2287483526806482,MC,67398 Veronica Glen Suite 883,Tammymouth,IN,Canada,P4C4A7,141.322.5636
180,Patrick,Jarvis,patrick.jarvis@yahoo.com,4628055077406575,VS,1562 Anne Stream Apt. 908,Rachelmouth,AZ,Canada,D0P4A6,460.776.1010
181,Trevor,Graves,trevor.graves@gmail.com,349131117861909,AX,4760 Gary Burg,Lovestad,IN,Canada,I2L4Z8,781.887.3540
182,Leslie,Gillespie,leslie.gillespie@gmail.com,371201227595001,AX,0151 Lewis Stravenue,West Tammy,TX,Canada,W4E3N9,182.397.4585
183,Gina,Green,gina.green@hotmail.com,370740717327988,AX,9503 Brandon Lock,Susanborough,WI,Canada,P5H6N6,200.367.5948
184,Jennifer,Harris,jennifer.harris@outlook.com,4045203608941182,VS,913 Gilmore Ridges Apt. 855,West Gina,FL,Canada,J2S6V5,923.692.3280
185,Brandon,Hughes,brandon.hughes@yahoo.com,4067990069680183,VS,774 Kimberly Garden Suite 842,Lake James,LA,Canada,Y3I2N8,304.408.5997
186,Kristopher,Hale,kristopher.hale@gmail.com,373006776255032,AX,501 Lewis Light,Jonathanfurt,LA,Canada,J9U7R2,484.901.8158
187,Daniel,Medina,daniel.medina@outlook.com,349029233451102,AX,060 Sanchez Route,Dixonbury,FL,Canada,E8O5Q5,579.462.8006
188,Olivia,Wilson,olivia.wilson@outlook.com,2296732904575989,MC,9212 Collins Locks Apt. 336,Port Alan,FL,Canada,N6O0R0,885.531.2448
189,Stephen,Gomez,stephen.gomez@gmail.com,341477092071156,AX,80236 Corey Underpass,North Michael,NC,Canada,T4Z3S8,482.230.9900
190,Kristi,Boyd,kristi.boyd@gmail.com,4059161186385581,VS,959 Vaughn Mountains,Lake Hannah,OH,Canada,J0Y6E6,786.106.8582
191,Zachary,Fletcher,zachary.fletcher@yahoo.com,4378931869289720,VS,4018 Gary Throughway Suite 200,New Jason,ND,Canada,O0C0I1,441.708.2595
192,David,House,david.house@gmail.com,2242204144743285,MC,65993 Emily Street,East Barryborough,KY,Canada,S7W5B1,858.698.9369
193,Sharon,Dominguez,sharon.dominguez@yahoo.com,4227752135302813,VS,0646 Aaron Views Apt. 593,Bryantstad,OR,Canada,W0W3Q2,675.858.9115
194,Cody,Medina,cody.medina@hotmail.com,341029161746901,AX,831 Joseph Ville,Carlfurt,GA,Canada,H2J4X0,924.596.4288
195,Edward,Miller,edward.miller@gmail.com,341670805685664,AX,63621 Cox Circle Suite 944,Dianamouth,MO,Canada,C0E9D8,199.353.4347
196,Tina,Cohen,tina.cohen@gmail.com,343965049627326,AX,2611 Schmitt Glens,Port Robert,WA,Canada,P0Q7M0,224.407.7628
197,Matthew,Pena,matthew.pena@yahoo.com,2274218808799194,MC,34199 Baker Flats Suite 324,Dicksonburgh,MN,Canada,F3R4T7,979.773.3018
198,Elizabeth,Diaz,elizabeth.diaz@hotmail.com,2243343031158766,MC,4576 Porter Underpass,Moralesview,WI,Canada,E0F2X3,274.623.9956
199,Sherri,Hendricks,sherri.hendricks@gmail.com,373536597466988,AX,63421 Matthew Land Apt. 809,Saraport,CO,Canada,P7J4V1,702.604.7018
200,Lisa,Lopez,lisa.lopez@hotmail.com,4925596647213074,VS,35914 Paul Via Suite 048,East Laura,MT,Canada,I6M1O6,933.535.3427
