director_id,first_name,last_name,date_of_birth,email
1,Alejandro,Butler,1959-11-10,alejandro.butler@hotmail.com
2,Thomas,Holder,1950-01-04,thomas.holder@gmail.com
3,Larry,Lopez,1956-01-06,larry.lopez@yahoo.com
4,Amanda,Rivera,1953-10-14,amanda.rivera@gmail.com
5,Colleen,Wheeler,1954-03-04,colleen.wheeler@gmail.com
6,Michael,Hansen,1965-01-03,michael.hansen@gmail.com
7,Michael,Smith,1962-09-27,michael.smith@outlook.com
8,Joshua,Hoover,1978-08-18,joshua.hoover@hotmail.com
9,Breanna,Torres,1977-01-26,breanna.torres@gmail.com
10,Sarah,Hoffman,1963-06-01,sarah.hoffman@gmail.com
11,Chris,Hernandez,1964-05-10,chris.hernandez@hotmail.com
12,Joshua,Baker,1956-08-04,joshua.baker@hotmail.com
13,David,Boyd,1975-09-09,david.boyd@yahoo.com
14,Mark,Ingram,1989-12-04,mark.ingram@gmail.com
15,Cassandra,Levy,1981-11-04,cassandra.levy@gmail.com
16,Jason,Smith,1965-05-28,jason.smith@gmail.com
17,Veronica,Davis,1959-08-07,veronica.davis@gmail.com
18,Douglas,Alvarez,1949-08-24,douglas.alvarez@yahoo.com
19,Marcus,Huang,1953-03-07,marcus.huang@yahoo.com
20,Derrick,Aguirre,1978-07-30,derrick.aguirre@yahoo.com
21,Elizabeth,Murphy,1983-09-05,elizabeth.murphy@yahoo.com
22,Kathleen,Allen,1976-05-22,kathleen.allen@outlook.com
23,Nicholas,Cruz,1981-12-01,nicholas.cruz@outlook.com
24,Michael,Roberson,1971-03-14,michael.roberson@gmail.com
25,Alyssa,Ware,1964-03-08,alyssa.ware@outlook.com
26,Stephanie,Dougherty,1968-07-12,stephanie.dougherty@hotmail.com
27,Jennifer,Larsen,1987-10-08,jennifer.larsen@yahoo.com
28,Scott,Neal,1966-09-05,scott.neal@gmail.com
29,Gina,Grant,1979-04-05,gina.grant@hotmail.com
30,Denise,Thompson,1974-07-07,denise.thompson@yahoo.com
31,Melissa,Townsend,1973-03-04,melissa.townsend@outlook.com
32,Jessica,Lewis,1987-09-21,jessica.lewis@yahoo.com
33,Nancy,Knapp,1962-08-16,nancy.knapp@hotmail.com
34,Patrick,White,1950-05-10,patrick.white@outlook.com
35,James,Ward,1962-11-21,james.ward@yahoo.com
36,Adam,Collins,1956-01-13,adam.collins@gmail.com
37,Rhonda,Moon,1983-11-04,rhonda.moon@outlook.com
38,Sandra,Lawson,1951-11-29,sandra.lawson@gmail.com
39,Deborah,May,1976-09-24,deborah.may@outlook.com
40,Bradley,Dominguez,1966-11-06,bradley.dominguez@gmail.com
41,Joshua,Brown,1988-07-25,joshua.brown@outlook.com
42,Madeline,Roy,1981-09-01,madeline.roy@hotmail.com
43,Wendy,Chen,1982-12-29,wendy.chen@outlook.com
44,Glenn,Brady,1986-10-03,glenn.brady@yahoo.com
45,Lindsey,Johnson,1951-08-04,lindsey.johnson@hotmail.com
46,Chloe,Reeves,1961-09-01,chloe.reeves@outlook.com
47,Monica,Anderson,1978-03-07,monica.anderson@yahoo.com
48,Mary,Wilson,1979-10-20,mary.wilson@hotmail.com
49,Dana,Brown,1956-04-05,dana.brown@yahoo.com
50,Michaela,Ramirez,1962-11-04,michaela.ramirez@gmail.com
51,Diana,Mclaughlin,1972-04-07,diana.mclaughlin@yahoo.com
52,Mary,Charles,1971-03-02,mary.charles@hotmail.com
53,Rachael,Jackson,1989-07-25,rachael.jackson@outlook.com
54,Jennifer,Diaz,1950-08-05,jennifer.diaz@hotmail.com
55,Shelia,Powell,1953-10-24,shelia.powell@hotmail.com
56,Calvin,Bryan,1983-10-04,calvin.bryan@outlook.com
57,Dylan,Adams,1961-05-16,dylan.adams@hotmail.com
58,Scott,Hill,1963-02-24,scott.hill@outlook.com
59,Haley,Ortiz,1949-11-06,haley.ortiz@gmail.com
60,Larry,Castro,1957-08-21,larry.castro@outlook.com
61,Matthew,Carroll,1955-06-27,matthew.carroll@hotmail.com
62,Ashlee,Ford,1957-07-16,ashlee.ford@hotmail.com
63,Samantha,White,1955-07-05,samantha.white@hotmail.com
64,Jacob,Garza,1950-12-30,jacob.garza@hotmail.com
65,Katie,Kramer,1964-06-06,katie.kramer@gmail.com
66,Dana,Stevens,1966-06-02,dana.stevens@gmail.com
67,Kyle,Becker,1962-08-19,kyle.becker@yahoo.com
68,Julie,Rojas,1970-10-04,julie.rojas@hotmail.com
69,Brian,Mccarthy,1961-09-28,brian.mccarthy@hotmail.com
70,Joshua,Cunningham,1977-10-19,joshua.cunningham@hotmail.com
71,Jeremy,Lopez,1963-03-09,jeremy.lopez@hotmail.com
72,Gregory,Phillips,1979-07-18,gregory.phillips@yahoo.com
73,Joseph,Burns,1989-01-03,joseph.burns@hotmail.com
74,Michael,Barton,1985-03-22,michael.barton@outlook.com
75,Shannon,Welch,1961-03-25,shannon.welch@outlook.com
76,Benjamin,Davenport,1975-11-16,benjamin.davenport@gmail.com
77,Eric,Carroll,1979-02-25,eric.carroll@gmail.com
78,Michael,Cochran,1969-04-10,michael.cochran@outlook.com
79,Jared,Lyons,1983-11-29,jared.lyons@outlook.com
80,Andrea,Paul,1967-12-06,andrea.paul@outlook.com
81,Christopher,Ayala,1967-03-14,christopher.ayala@yahoo.com
82,Jeffery,Green,1957-06-22,jeffery.green@hotmail.com
83,Zachary,Welch,1981-12-19,zachary.welch@yahoo.com
84,Donald,Willis,1974-12-18,donald.willis@gmail.com
85,Anne,Barrett,1951-12-07,anne.barrett@yahoo.com
86,Marcus,Garcia,1974-01-19,marcus.garcia@yahoo.com
87,Misty,Smith,1978-04-22,misty.smith@yahoo.com
88,Thomas,Rogers,1956-06-12,thomas.rogers@outlook.com
89,Jacob,Howard,1960-09-14,jacob.howard@outlook.com
90,Steven,Lopez,1951-02-09,steven.lopez@hotmail.com
91,Scott,Jensen,1990-01-08,scott.jensen@outlook.com
92,Barbara,Graham,1976-10-20,barbara.graham@yahoo.com
93,Thomas,Sanchez,1975-01-10,thomas.sanchez@outlook.com
94,Carolyn,Olson,1976-12-04,carolyn.olson@gmail.com
95,Kevin,Arellano,1965-07-28,kevin.arellano@outlook.com
96,Kathryn,Santana,1984-02-16,kathryn.santana@yahoo.com
97,Daniel,Simmons,1967-12-17,daniel.simmons@outlook.com
98,Stephanie,Morales,1951-07-28,stephanie.morales@gmail.com
99,Frank,Jackson,1970-01-31,frank.jackson@yahoo.com
100,Olivia,Sanford,1985-04-17,olivia.sanford@hotmail.com
